"","sequence_name","domain","phylum","class","order","family","genus","species","location","ssu_length","contig_length","sequence"
"368892",">GB_GCA_003211755.1~QCRS01000009.1","Bacteria","Cyanobacteria","Cyanobacteriia","PCC-6307","Cyanobiaceae","AG-363-K07","AG-363-K07 sp003211755","[location=26324..27803]","[ssu_len=1479]","[contig_len=35079]","GGAGAGTTTGATCCTGGCTCAGGATGAACGCTGGCGGCGTGCTTAACACATGCAAGTCGAACGAACCTTCGGGTTAGTGGCGGACGGGTGAGTAACGCGTGGGAATCTGCCCTCAGGAGGGGGATAACGGCTGGAAACGGCCGCTAATACCCCATATGCCGAGAGGTGAAATGAATTTCGCCTGAGGATGAGCCCGCGTCTGATTAGCTTGTTGGTGAGGTAATGGCTCACCAAGGCTTCGATCAGTAGCTGGTCTGAGAGGATGATCAGCCACACTGGGACTGAGACACGGCCCAGACTCCTACGGGAGGCAGCAGTGGGGAATTTTCCGCAATGGGCGAAAGCCTGACGGAGCAACGCCGCGTGAGGGACGAAGGCCTCTGGGCTGTAAACCTCTTTTCTCAAGGAAGAAGATATGACGGTACTTGAGGAATAAGCCACGGCTAATTCCGTGCCAGCAGCCGCGGTAATACGGGAGTGGCAAGCGTTATCCGGAATTATTGGGCGTAAAGCGTCCGCAGGCGGCCTTTCAAGTCTGCTGTTAAAACGTGGAGCTTAACTCCATCAAGGCAGTGGAAACTGTTGGGCTTGAGTGTGGTAGGGGCAGAGGGAATTCCCGGTGTAGCGGTGAAATGCGTAGATATCGGGAAGAACACCAGTGGCGAAGGCGCTCTGCTGGGCCATAACTGACGCTCATGGACGAAAGCCAGGGGAGCGAAAGGGATTAGATACCCCTGTAGTCCTGGCCGTAAACGATGAACACTAGGTGTCGGGGGAATCGACCCCTTCGGTGTCGTAGCCAACGCGTTAAGTGTTCCGCCTGGGGAGTACGCACGCAAGTGTGAAACTCAAAGGAATTGACGGGGGCCCGCACAAGCGGTGGAGTATGTGGTTTAATTCGATGCAACGCGAAGAACCTTACCAGGGTTTGACATCCTGCGAACCTCTAAGAAATTGGAGGGTGCCTTCGGGAGCGCAGTGACAGGTGGTGCATGGCTGTCGTCAGCTCGTGTCGTGAGATGTTGGGTTAAGTCCCGCAACGAGCGCAACCCACGTTTTTAGTTGCCAGCATTTAGTTGGGCACTCTAGAGAGACCGCCGGTGATAAACCGGAGGAAGGTGTGGACGACGTCAAGTCATCATGCCCCTTACATCCTGGGCTACACACGTACTACAATGCTACGGACAAAGGGCAGCAAACTCGCGAGGGCAAGCAAATCCCATAAACCGTGGCTCAGTTCAGATCGTAGGCTGCAACTCGCCTACGTGAAGCAGGAATCGCTAGTAATCGCAGGTCAGCATACTGCGGTGAATACGTTCCCGGGCCTTGTACACACCGCCCGTCACACCATGGAAGTTGGCCATGCCCGAAGTCGTTACTCCAACCCTTGTGGAGGAGGACGCCGAAGGTGGGGCTAATGACTGGGGTGAAGTCGTAACAAGGTAGCCGTACCGGAAGGTGCGGCTGGATCACCTCCTA"
"361671",">GB_GCA_003280225.1~QCFO01000020.1","Bacteria","Cyanobacteria","Cyanobacteriia","PCC-6307","Cyanobiaceae","AG-363-K07","AG-363-K07 sp003280225","[location=15933..17412]","[ssu_len=1479]","[contig_len=33758]","GGAGAGTTTGATCCTGGCTCAGGATGAACGCTGGCGGCGTGCTTAACACATGCAAGTCGAACGAACCTTCGGGTTAGTGGCGGACGGGTGAGTAACGCGTGGGAATCTGCCCTCAGGAGGGGGATAACGGCTGGAAACGGCCGCTAATACCCCATATGCCGAGAGGTGAAATGAATTTCGCCTGAGGATGAGCCCGCGTCTGATTAGCTTGTTGGTGAGGTAATGGCTCACCAAGGCTTCGATCAGTAGCTGGTCTGAGAGGATGATCAGCCACACTGGGACTGAGACACGGCCCAGACTCCTACGGGAGGCAGCAGTGGGGAATTTTCCGCAATGGGCGAAAGCCTGACGGAGCAACGCCGCGTGAGGGATGAAGGCCTCTGGGCTGTAAACCTCTTTTCTCAAGGAAGAAGATCTGACGGTACTTGAGGAATAAGCCACGGCTAATTCCGTGCCAGCAGCCGCGGTAATACGGGAGTGGCAAGCGTTATCCGGAATTATTGGGCGTAAAGCGTCCGCAGGCGGCCTTTCAAGTCTGCTGTTAAAACGTGGAGCTTAACTCCATCAAGGCAGTGGAAACTGTTGGGCTTGAGTGTGGTAGGGGCAGAGGGAATTCCCGGTGTAGCGGTGAAATGCGTAGATATCGGGAAGAACACCAGTGGCGAAGGCGCTCTGCTGGGCCATAACTGACGCTCATGGACGAAAGCCAGGGGAGCGAAAGGGATTAGATACCCCTGTAGTCCTGGCCGTAAACGATGAACACTAGGTGTCGGGGGAATCGACCCCCTCGGTGTCGTAGCCAACGCGTTAAGTGTTCCGCCTGGGGAGTACGCACGCAAGTGTGAAACTCAAAGGAATTGACGGGGGCCCGCACAAGCGGTGGAGTATGTGGTTTAATTCGATGCAACGCGAAGAACCTTACCAGGGTTTGACATCCTGCGAACCTCTAAGAAATTGGAGGGTGCCTTCGGGAACGCAGTGACAGGTGGTGCATGGCTGTCGTCAGCTCGTGTCGTGAGATGTTGGGTTAAGTCCCGCAACGAGCGCAACCCACGTTTTTAGTTGCCAGCATTTAGTTGGGCACTCTAGAGAGACCGCCGGTGATAAACCGGAGGAAGGTGTGGACGACGTCAAGTCATCATGCCCCTTACATCCTGGGCTACACACGTACTACAATGCTACGGACAAAGGGCAGCGAACTCGCGAGGGCAAGCAAATCCCATAAACCGTGGCTCAGTTCAGATCGTAGGCTGCAACTCGCCTACGTGAAGCAGGAATCGCTAGTAATCGCAGGTCAGCATACTGCGGTGAATACGTTCCCGGGCCTTGTACACACCGCCCGTCACACCATGGAAGTTGGCCACGCCCGAAGTCGTTACTCCAACCCTTGTGGAGGAGGACGCCGAAGGTGGGGCTAATGACTGGGGTGAAGTCGTAACAAGGTAGCCGTACCGGAAGGTGCGGCTGGATCACCTCCTA"
"369666",">GB_GCA_003278175.1~QCGF01000024.1","Bacteria","Cyanobacteria","Cyanobacteriia","PCC-6307","Cyanobiaceae","AG-363-K07","AG-363-K07 sp003278175","[location=10827..12306]","[ssu_len=1479]","[contig_len=17919]","GAGGTGATCCAGCCGCACCTTCCGGTACGGCTACCTTGTTACGACTTCACCCCAGTCATTAGCCCCACCTTCGGCGTCCTCCTCCACAAGGGTTGGAGTAACGACTTCGGGCGTGGCCAACTTCCATGGTGTGACGGGCGGTGTGTACAAGGCCCGGGAACGTATTCACCGCAGTATGCTGACCTGCGATTACTAGCGATTCCTGCTTCACGTAGGCGAGTTGCAGCCTACGATCTGAACTGAGCCACGGTTTATGGGATTTGCTTGCCCTCGCGAGTTTGCTGCCCTTTGTCCGTAGCATTGTAGTACGTGTGTAGCCCAGGATGTAAGGGGCATGATGACTTGACGTCGTCCACACCTTCCTCCGGTTTATCACCGGCGGTCTCTCTAGAGTGCCCAACTGAATGCTGGCAACTAAAAACGTGGGTTGCGCTCGTTGCGGGACTTAACCCAACATCTCACGACACGAGCTGACGACAGCCATGCACCACCTGTCACTGCGTTCCCGAAGGCACCCTCAAATTTCTTCGAGGTTCGCAGGATGTCAAACCCTGGTAAGGTTCTTCGCGTTGCATCGAATTAAACCACATACTCCACCGCTTGTGCGGGCCCCCGTCAATTCCTTTGAGTTTCACACTTGCGTGCGTACTCCCCAGGCGGAACACTTAACGCGTTGGCTACGACACCGAGGGGGTCGATTCCCCCGACACCTAGTGTTCATCGTTTACGGCCAGGACTACAGGGGTATCTAATCCCTTTCGCTCCCCTGGCTTTCGTCCATGAGCGTCAGTTATGGCCCAGCAGAGCGCCTTCGCCACTGGTGTTCTTCCCGATATCTACGCATTTCACCGCTACACCGGGAATTCCCTCTGCCCCTACCACACTCAAGCCCAACAGTTTCCACTGCCTTGATGGAGTTAAGCTCCACGTTTTAACAGCAGACTTGAAAGGCCGCCTGCGGACGCTTTACGCCCAATAATTCCGGATAACGCTTGCCACTCCCGTATTACCGCGGCTGCTGGCACGGAATTAGCCGTGGCTTATTCCTCAAGTACCGTCAGATCTTCTTCCTTGAGAAAAGAGGTTTACAGCCCAGAGGCCTTCATCCCTCACGCGGCGTTGCTCCGTCAGGCTTTCGCCCATTGCGGAAAATTCCCCACTGCTGCCTCCCGTAGGAGTCTGGGCCGTGTCTCAGTCCCAGTGTGGCTGATCATCCTCTCAGACCAGCTACTGATCGAAGCCTTGGTGAGCCATTACCTCACCAACAAGCTAATCAGACGCGGGCTCATCCTCAGGCGAAATTCATTTCACCTCTCGGCATATGGGGTATTAGCGGCCGTTTCCAGCCGTTATCCCCCTCCTGAGGGCAGATTCCCACGCGTTACTCACCCGTCCGCCACTAACCCGAAGGTTCGTTCGACTTGCATGTGTTAAGCACGCCGCCAGCGTTCATCCTGAGCCAGGATCAAACTCTCCGTA"
"339208",">GB_GCA_003149585.1~QCWF01000022.1","Bacteria","Cyanobacteria","Cyanobacteriia","PCC-6307","Cyanobiaceae","Vulcanococcus","Vulcanococcus sp000179255","[location=3969..5448]","[ssu_len=1479]","[contig_len=5839]","GAGGTGATCCAGCCGCACCTTCCGGTACGGCTACCTTGTTACGACTTCACCCCAGTCATCAGCCCCACCTTCGACGTCCTCCTCCACAAGGGTTGGAGTAACGGCTTCGGGCGTGGCCAACTTCCATGGTGTGACGGGCGGTGTGTACAAGGCCCGGGAACGTATTCACCGCAGTATGCTGACCTGCGATTACTAGCGATTCCTCCTTCACGTAGGCGAGTTGCAGCCTACGATCTGAACTGAGCCACGGTTTATGGGATTTGCTAGCTCTCGCGAGTTTGCTGCCCTTTGTCCGTAGCATTGTAGTACGTGTGTAGCCCAGGATGTAAGGGGCATGATGACTTGACGTCATCCACACCTTCCTCCGGTTTATCACCGGCGGTCTCGCTAGAGTGCCCAACTAAATGCTGGCAACTAACGACGTGGGTTGCGCTCGTTGCGGGACTTAACCCAACATCTCACGACACGAGCTGACGACAGCCATGCACCACCTGTCACTGCGTTCCCGAAGGCACTCTCTCGTTTCCAAGAGATTCGCAGGATGTCAAACCCTGGTAAGGTTCTTCGCGTTGCATCGAATTAAACCACATACTCCACCGCTTGTGCGGGCCCCCGTCAATTCCTTTGAGTTTCACACTTGCGTGCGTACTCCCCAGGCGGAACACTTAACGCGTTGGCTACGACACCGAGGGGGTCGATTCCCCCGACACCTAGTGTTCATCGTTTACGGCCAGGACTACAGGGGTATCTAATCCCTTTCGCTCCCCTGGCTTTCGTCCATGAGCGTCAGTTATGGCCCAGCAGAGCGCCTTCGCCACTGGTGTTCTTCCCGATATCTACGCATTTCACCGCTACACCGGGAATTCCCTCTGCCCCTACCACACTCTAGTCTGTCAGTTTCCACTGCCGAAATGGAGTTAAGCTCCACGCTTTAACAGCAGACTTGACAGACCGCCTGCGGACGCTTTACGCCCAATAATTCCGGATAACGCTTGCCACTCCCGTATTACCGCGGCTGCTGGCACGGAATTAGCCGTGGCTTATTCATCAAGTACCGTCAGATCTTCTTCCTTGATAAAAGAGGTTTACAGCCCAGAGGCCTTCATCCCTCACGCGGCGTTGCTCCGTCAGGCTTTCGCCCATTGCGGAAAATTCCCCACTGCTGCCTCCCGTAGGAGTCTGGGCCGTGTCTCAGTCCCAGTGTGGCTGATCATCCTCTCAGACCAGCTACTGATCGATGTCTTGGTAGGCCGTTACCCCACCAACTAACTAATCAGACGCGAGCTCATCCTCAGGCGAAATTCATTTCACCTCGCGGCATATGGGGTATTAGCGGTCGTTTCCAACCGTTATCCCCCTCCTGAGGGCAGATTCTCACGCGTTACTCACCCGTCCGCCACTAACCCGAAGGTTCGTTCGACTTGCATGTGTTAAGCACGCCGCCAGCGTTCATCCTGAGCCAGGATCAAACTCTCCGTT"
"359067",">RS_GCF_002252705.1~NZ_NQLA01000085.1","Bacteria","Cyanobacteria","Cyanobacteriia","PCC-6307","Cyanobiaceae","Vulcanococcus","Vulcanococcus limneticus","[location=535..2016]","[ssu_len=1481]","[contig_len=6187]","GGAGAGTTTGATCCTGGCTCAGGATGAACGCTGGCGGCGTGCTTAACACATGCAAGTCGAACGAACCTTCGGGTTAGTGGCGGACGGGTGAGTAACGCGTGGGAATCTGCCCTCAGGAGGGGGATAACGGTTGGAAACGACCGCTAATACCCCATATGCCGAGAGGTGAAATGAGTTTTCGCCTGAGGATGAGCCCGCGTCTGATTAGCTAGTTGGTGTGGTAATGGCGCACCAAGGCTTCGATCAGTAGCTGGTCTGAGAGGATGATCAGCCACACTGGGACTGAGACACGGCCCAGACTCCTACGGGAGGCAGCAGTGGGGAATTTTCCGCAATGGGCGAAAGCCTGACGGAGCAACGCCGCGTGAGGGATGAAGGCCTCTGGGCTGTAAACCTCTTTTATCAAGGAAGAAGATCTGACGGTACTTGATGAATAAGCCACGGCTAATTCCGTGCCAGCAGCCGCGGTAATACGGGAGTGGCAAGCGTTATCCGGAATTATTGGGCGTAAAGCGTCCGCAGGCGGCCTTGAAAGTCTGTCGTTAAAGCGTGGAGCTTAACTCCATTTCGGCGATGGAAACTACAAGGCTAGAGTGTGGTAGGGGCAGAGGGAATTCCCGGTGTAGCGGTGAAATGCGTAGATATCGGGAAGAACACCAGTGGCGAAGGCGCTCTGCTGGGCCATAACTGACGCTCATGGACGAAAGCCAGGGGAGCGAAAGGGATTAGATACCCCTGTAGTCCTGGCCGTAAACGATGAACACTAGGTGTCGGGGGAATCGACCCCCTCGGTGTCGTAGCCAACGCGTTAAGTGTTCCGCCTGGGGAGTACGCACGCAAGTGTGAAACTCAAAGGAATTGACGGGGGCCCGCACAAGCGGTGGAGTATGTGGTTTAATTCGATGCAACGCGAAGAACCTTACCAGGGTTTGACATCCTGCGAATCCCTTGGAAACGAGGGAGTGCCTTCGGGAGCGCAGTGACAGGTGGTGCATGGCTGTCGTCAGCTCGTGTCGTGAGATGTTGGGTTAAGTCCCGCAACGAGCGCAACCCACGTCTTTAGTTGCCAGCATTCAGTTGGGCACTCTAGAGAGACCGCCGGTGATAAACCGGAGGAAGGTGTGGATGACGTCAAGTCATCATGCCCCTTACATCCTGGGCTACACACGTACTACAATGCTACGGACAAAGGGCAGCAAACTCGCGAGAGCTAGCAAATCCCATAAACCGTGGCTCAGTTCAGATCGTAGGCTGCAACTCGCCTACGTGAAGGAGGAATCGCTAGTAATCGCAGGTCAGCATACTGCGGTGAATACGTTCCCGGGCCTTGTACACACCGCCCGTCACACCATGGAAGTTGGCCACGCCCGAAGTCGTTACTCCAACCCGTAAGGGAGGAGGATGCCGAAGGTGGGGCTGATGACTGGGGTGAAGTCGTAACAAGGTAGCCGTACCGGAAGGTGCGGCTGGATCACCTCCTA"
"339206",">RS_GCF_000179255.1~NZ_ADXM01000002.1","Bacteria","Cyanobacteria","Cyanobacteriia","PCC-6307","Cyanobiaceae","Vulcanococcus","Vulcanococcus sp000179255","[location=490..1358]","[ssu_len=868]","[contig_len=1358]","GGAGAGTTTGATCCTGGCTCAGGATGAACGCTGGCGGCGTGCTTAACACATGCAAGTCGAACGAACCTTCGGGTTAGTGGCGGACGGGTGAGTAACGCGTGAGAATCTGCCCTCAGGAGGGGGATAACGGTTGGAAACGACCGCTAATACCCCATATGCCGCGAGGTGAAATGAATTTCGCCTGAGGATGAGCTCGCGTCTGATTAGTTAGTTGGTGGGGTAAAGGCCTACCAAGACATCGATCAGTAGCTGGTCTGAGAGGATGATCAGCCACACTGGGACTGAGACACGGCCCAGACTCCTACGGGAGGCAGCAGTGGGGAATTTTCCGCAATGGGCGAAAGCCTGACGGAGCAACGCCGCGTGAGGGATGAAGGCCTCTGGGCTGTAAACCTCTTTTATCAAGGAAGAAGATCTGACGGTACTTGATGAATAAGCCACGGCTAATTCCGTGCCAGCAGCCGCGGTAATACGGGAGTGGCAAGCGTTATCCGGAATTATTGGGCGTAAAGCGTCCGCAGGCGGTCTGTCAAGTCTGCTGTTAAAGCGTGGAGCTTAACTCCATTTCGGCAGTGGAAACTGACAGACTAGAGTGTGGTAGGGGCAGAGGGAATTCCCGGTGTAGCGGTGAAATGCGTAGATATCGGGAAGAACACCAGTGGCGAAGGCGCTCTGCTGGGCCATAACTGACGCTCATGGACGAAAGCCAGGGGAGCGAAAGGGATTAGATACCCCTGTAGTCCTGGCCGTAAACGATGAACACTAGGTGTCGGGGGAATCGACCCCCTCGGTGTCGTAGCCAACGCGTTAAGTGTTCCGCCTGGGGAGTACGCACGCAAGTGTGAAACTCAAAGGAATTGACGGGGG"
"368404",">RS_GCF_000155635.1~NZ_DS990556.1","Bacteria","Cyanobacteria","Cyanobacteriia","PCC-6307","Cyanobiaceae","Cyanobium_A","Cyanobium_A sp000155635","[location=2362934..2364414]","[ssu_len=1480]","[contig_len=2832412]","GGAGAGTTTGATCCTGGCTCAGGATGAACGCTGGCGGCGTGCTTAACACATGCAAGTCGAACGCACCTTCGGGTGAGTGGCGGACGGGTGAGTAACGCGTGAGAATCTGCCCCAAGGAGGGGGATAACGGCTGGAAACGGCCGCTAATACCCCATATGCCGAGAGGTGAAACGAGTATTCGCCTTGGGATGAGCTCGCGTCTGATTAGCTAGTTGGTGGGGTAAGAGCCTACCAAGGCATCGATCAGTAGCTGGTCTGAGAGGATGATCAGCCACACTGGGACTGAGACACGGCCCAGACTCCTACGGGAGGCAGCAGTGGGGAATTTTCCGCAATGGGCGAAAGCCTGACGGAGCAACGCCGCGTGAGGGATGAAGGCCTCTGGGCTGTAAACCTCTTTTCTCAAGGAAGAAGATCTGACGGTACTTGAGGAATAAGCCACGGCTAATTCCGTGCCAGCAGCCGCGGTAATACGGGAGTGGCAAGCGTTATCCGGAATTATTGGGCGTAAAGCGTCCGCAGGCGGCCTTGAAAGTCTGTTGTTAAAGCGTGGAGCTTAACTCCATTTCAGCAATGGAAACTAGAAGGCTAGAGTGTGGTAGGGGCAGAGGGAATTCCCGGTGTAGCGGTGAAATGCGTAGATATCGGGAAGAACACCAGTGGCGAAGGCGCTCTGCTGGGCCATAACTGACGCTCATGGACGAAAGCCAGGGGAGCGAAAGGGATTAGATACCCCTGTAGTCCTGGCCGTAAACGATGAACACTAGGTGTCGGGGGAATCGACCCCCTCGGTGTCGTAGCCAACGCGTTAAGTGTTCCGCCTGGGGAGTACGCACGCAAGTGTGAAACTCAAAGGAATTGACGGGGGCCCGCACAAGCGGTGGAGTATGTGGTTTAATTCGATGCAACGCGAAGAACCTTACCAGGGTTTGACATCCTGCGAATCCCTTGGAAACTTGGGAGTGCCTTCGGGAGCGCAGAGACAGGTGGTGCATGGCTGTCGTCAGCTCGTGTCGTGAGATGTTGGGTTAAGTCCCGCAACGAGCGCAACCCACGTCTTTAGTTGCCAGCATTGAGTTGGGCACTCTAGAGAGACCGCCGGTGATAAACCGGAGGAAGGTGTGGATGACGTCAAGTCATCATGCCCCTTACATCCTGGGCTACACACGTACTACAATGCTACGGACAAAGGGCAGCAAACTCGCGAGAGCTAGCAAATCCCATAAACCGTGGCTCAGTTCAGATCGTAGGCTGCAACTCGCCTACGTGAAGGAGGAATCGCTAGTAATCGCAGGTCAGCATACTGCGGTGAATACGTTCCCGGGCCTTGTACACACCGCCCGTCACACCATGGAAGTTGGCCACGCCCGAAGTCGTTACTCCAACCCTTGTGGAGGAGGACGCCGAAGGTGGGGCTGATGACTGGGGTGAAGTCGTAACAAGGTAGCCGTACCGGAAGGTGCGGCTGGATCACCTCCTA"
"370065",">RS_GCF_001039265.1~NZ_LFEK01000088.1","Bacteria","Cyanobacteria","Cyanobacteriia","PCC-6307","Cyanobiaceae","Cyanobium_A","Cyanobium_A sp001039265","[location=748..2224]","[ssu_len=1476]","[contig_len=6821]","GGAGAGTTTGATCCTGGCTCAGGATGAACGCTGGCGGCGTGCTTAACACATGCAAGTCGAACGAACCTTCGGGTTAGTGGCGGACGGGTGAGTAACGCGTGAGAATCTGCCCTCAGGAGGGGGATAACGGCTGGAAACGGCCGCTAATACCCCATATGCCGAGAGGTGAAATGAATTTCGCCTGAGGATGAGCTCGCGTCTGATTAGCTAGTTGGTGGGGTAAGAGCCTACCAAGGCGTCGATCAGTAGCTGGTCTGAGAGGATGATCAGCACACTGGGACTGAGACACGGCCCAGACTCCTACGGGAGGCAGCAGTGGGGAATTTTCCGCAATGGGCGAAAGCCTGACGGAGCAACGCCGCGTGAGGGATGAAGGCCTCTGGGCTGTAAACCTCTTTTCTCAAGGAAGAAGATCTGACGGTACTTGAGGAATAAGCCACGGCTAATTCCGTGCCAGCAGCCGCGGTAATACGGGAGTGGCAAGCGTTATCCGGAATTATTGGGCGTAAAGCGTCCGCAGGCGGCCTCGTAAGTCTGTTGTCAAAGCGTGGAGCTTAACTCCATTTCGGCAATGGAAACTGTGAGGCTTGAGTGTGGTAGGGGCAGAGGGAATTCCCGGTGTAGCGGTGAAATGCGTAGATATCGGGAAGAACACCAGTGGCGAAGGCGCTCTGCTGGGCCATAACTGACGCTCATGGACGAAAGCCAGGGGAGCGAAAGGGATTAGATACCCCTGTAGTCCTGGCCGTAAACGATGAACACTAGGTGTCGGGGGAATCGACCCCCTCGGTGTCGTAGCCAACGCGTTAAGTGTTCCGCCTGGGGAGTACGCACGCAAGTGTGAAACTCAAAGGAATTGACGGGGGCCCGCACAAGCGGTGGAGTATGTGGTTTAATTCGATGCAACGCGAAGAACCTTACCAGGGTTTGACATCCTGCGAACCCCTGAGAAATCGGGGGGTGCCTTCGGGAGCGCAGTGACAGGTGGTGCATGGCTGTCGTCAGCTCGTGTCGTGAGATGTTGGGTTAAGTCCCGCAACGAGCGCAACCCACGTCTTTAGTTGCCAGCATTCAGTTGGGCACTCTAGAGAGACCGCCGGTGATAAACCGGAGGAAGGTGTGGATGACGTCAAGTATCATGCCCCTTACATCCTGGGCTACACACGTACTACAATGCTACGGACAAAGGGCAGCAAACTCGCGAGAGCTAGCAAATCCCATAAACCGTGGCTCAGTTCAGATCGTAGGCTGCAACTCGCTACGTGAAGGAGGAATCGCTAGTAATCGCAGGTCAGCATACTGCGGTGAATACGTTCCCGGGCCTTGTACACACCGCCCGTCACACCATGGAAGTTGGCCACGCCCGAAGCCGTTACTCCAACCCTTGTGGAGGAGGACGTCGAAGGTGGGGCTGATGACTGGGGTGAAGTCGTAACAAGGTAGCCGTACCGGAAGGTGCGGCTGGATCACCTCCTA"
"365446",">RS_GCF_900088535.1~NZ_LT578417.1-#3","Bacteria","Cyanobacteria","Cyanobacteriia","PCC-6307","Cyanobiaceae","Cyanobium_A","Cyanobium_A sp900088535","[location=1..1447]","[ssu_len=1446]","[contig_len=3021545]","CGGCGTGCTTAACACATGCAAGTCGAACGCACCTTCGGGTGAGTGGCGGACGGGTGAGTAACGCGTGAGAATCTGCCCTCAGGAGGGGGATAACGGCTGGAAACGGCCGCTAATACCCCATATGCCGCGAGGTGAAATGAGTTTTCGCCTGAGGATGAGCTCGCGTCTGATTAGCTAGTTGGTGGGGTAAGAGCCTACCAAGGCATCGATCAGTAGCTGGTCTGAGAGGATGATCAGCCACACTGGGACTGAGACACGGCCCAGACTCCTACGGGAGGCAGCAGTGGGGAATTTTCCGCAATGGGCGAAAGCCTGACGGAGCAACGCCGCGTGAGGGATGAAGGCCTCTGGGCTGTAAACCTCTTTTCTCAAGGAAGAAGATCTGACGGTACTTGAGGAATAAGCCACGGCTAATTCCGTGCCAGCAGCCGCGGTAATACGGGAGTGGCAAGCGTTATCCGGAATTATTGGGCGTAAAGCGTCCGCAGGCGGTCTTGAAAGTCTGTTGTTAAAGCGTGGAGCTCAACTCCATTTAAGCAATGGAAACTACAAGACTAGAGTGTGGTAGGGGCAGAGGGAATTCCCGGTGTAGCGGTGAAATGCGTAGATATCGGGAAGAACACCAGTGGCGAAGGCGCTCTGCTGGGCCATAACTGACGCTCATGGACGAAAGCCAGGGGAGCGAAAGGGATTAGATACCCCTGTAGTCCTGGCCGTAAACGATGAACACTAGGTGTCGGGGGAATCGACCCCCTCGGTGTCGTAGCCAACGCGTTAAGTGTTCCGCCTGGGGAGTACGCACGCAAGTGTGAAACTCAAAGGAATTGACGGGGGCCCGCACAAGCGGTGGAGTATGTGGTTTAATTCGATGCAACGCGAAGAACCTTACCAGGGTTTGACATCCTGCGAATCCCTGAGAAATCGGGGAGTGCCTTCGGGAGCGCAGAGACAGGTGGTGCATGGCTGTCGTCAGCTCGTGTCGTGAGATGTTGGGTTAAGTCCCGCAACGAGCGCAACCCACGTCTTTAGTTGCCAGCATTAAGTTGGGCACTCTAGAGAGACCGCCGGTGATAAACCGGAGGAAGGTGTGGATGACGTCAAGTCATCATGCCCCTTACATCCTGGGCTACACACGTACTACAATGCTACGGACAAAGGGCAGCAAACTCGCGAGAGCTAGCAAATCCCATAAACCGTGGCTCAGTTCAGATCGTAGGCTGCAACTCGCCTACGTGAAGGAGGAATCGCTAGTAATCGCAGGTCAGCATACTGCGGTGAATACGTTCCCGGGCCTTGTACACACCGCCCGTCACACCATGGAAGTTGGCCACGCCCGAAGTCGTTACTCCAACCCTTGTGGAGGAGGACGCCGAAGGTGGGGCTGATGACTGGGGTGAAGTCGTAACAAGGTAGCCGTACCGGAAGGTGCGGCTGGATCACCTCCTA"
"295815",">RS_GCF_000011485.1~NC_005071.1-#2","Bacteria","Cyanobacteria","Cyanobacteriia","PCC-6307","Cyanobiaceae","Prochlorococcus_C","Prochlorococcus_C marinus_B","[location=208847..210326]","[ssu_len=1479]","[contig_len=2410873]","GGAGAGTTTGATCCTGGCTCAGGATGAACGCTGGCGGCGTGCTTAACACATGCAAGTCGAACGAACCTTCGGGTTAGTGGCGGACGGGTGAGTAACGCGTGGGAATCTGCCCTCAGGAGGGGGATAACGGTTGGAAACGGCCGCTAATACCCCATATGCCGAGAGGTGAAATGAATTTCGCCTGAGGATGAGCCCGCGTCTGATTAGCTAGTTGGTGAGGTAATGGCTCACCAAGGCATCGATCAGTAGCTGGTCTGAGAGGATGATCAGCCACACTGGGACTGAGACACGGCCCAGACTCCTACGGGAGGCAGCAGTGGGGAATTTTCCGCAATGGGCGCAAGCCTGACGGAGCAACGCCGCGTGAGGGATGAAGGCCTCTGGGCTGTAAACCTCTTTTCTCAAGGAAGAAGATCTGACGGTACTTGAGGAATAAGCCACGGCTAATTCCGTGCCAGCAGCCGCGGTAATACGGGAGTGGCAAGCGTTATCCGGAATTATTGGGCGTAAAGCGTCCGCAGGCGGCTTTTCAAGTCTGCTGTTAAAGCGTGGAGCTTAACTCCATCAAGGCAGTGGAAACTGATTGGCTTGAGTGTGGTAGGGGCAGAGGGAATTCCCGGTGTAGCGGTGAAATGCGTAGATATCGGGAAGAACACCAGTGGCGAAGGCGCTCTGCTGGGCCATAACTGACGCTCATGGACGAAAGCCAGGGGAGCGAAAGGGATTAGATACCCCTGTAGTCCTGGCCGTAAACGATGAACACTAGGTGTCGGGGGAATCGACCCCCTCGGTGTCGTAGCCAACGCGTTAAGTGTTCCGCCTGGGGAGTACGCACGCAAGTGTGAAACTCAAAGGAATTGACGGGGGCCCGCACAAGCGGTGGAGTATGTGGTTTAATTCGATGCAACGCGAAGAACCTTACCAGGGTTTGACATCCTGCGAACCTCTAAGAAATTAGAGGGTGCCTTTGGGAACGCAGTGACAGGTGGTGCATGGCTGTCGTCAGCTCGTGTCGTGAGATGTTGGGTTAAGTCCCGCAACGAGCGCAACCCACGTTTTTAGTTGCCAGCATTCAGTTGGGCACTCTAGAGAGACCGCCGGTGATAAACCGGAGGAAGGTGTGGATGACGTCAAGTCATCATGCCCCTTACATCCTGGGCTACACACGTACTACAATGCTACGGACAAAGGGCAGCGAACTCGCGAGGGCAAGCAAATCCCATAAACCGTGGCTCAGTTCAGATCGTAGGCTGCAACTCGCCTACGTGAAGAAGGAATCGCTAGTAATCGCAGGTCAGCATACTGCGGTGAATACGTTCCCGGGCCTTGTACACACCGCCCGTCACACCATGGAAGTTGGCCACGCCCGAAGTCGTTACTCCAACCCTTGTGGAGGAGGACGCCGAAGGTGGGGCTGATGACTGGGGTGAAGTCGTAACAAGGTAGCCGTACCGGAAGGTGCGGCTGGATCACCTCCTA"
"295807",">GB_GCA_003212455.1~QCPR01000015.1","Bacteria","Cyanobacteria","Cyanobacteriia","PCC-6307","Cyanobiaceae","Prochlorococcus_C","Prochlorococcus_C marinus_B","[location=17681..19160]","[ssu_len=1479]","[contig_len=33267]","GGAGAGTTTGATCCTGGCTCAGGATGAACGCTGGCGGCGTGCTTAACACATGCAAGTCGAACGAACCTTCGGGTTAGTGGCGGACGGGTGAGTAACGCGTGGGAATCTGCCCTCAGGAGGGGGATAACGGTTGGAAACGGCCGCTAATACCCCATATGCCGAGAGGTGAAATGAATTTCGCCTGAGGATGAGCCCGCGTCTGATTAGCTAGTTGGTGAGGTAATGGCTCACCAAGGCATCGATCAGTAGCTGGTCTGAGAGGATGATCAGCCACACTGGGACTGAGACACGGCCCAGACTCCTACGGGAGGCAGCAGTGGGGAATTTTCCGCAATGGGCGCAAGCCTGACGGAGCAACGCCGCGTGAGGGATGAAGGCCTCTGGGCTGTAAACCTCTTTTCTCAAGGAAGAAGATCTGACGGTACTTGAGGAATAAGCCACGGCTAATTCCGTGCCAGCAGCCGCGGTAATACGGGAGTGGCAAGCGTTATCCGGAATTATTGGGCGTAAAGCGTCCGCAGGCGGCTTTTCAAGTCTGCTGTTAAAGCGTGGAGCTTAACTCCATCAAGGCAGTGGAAACTGATTGGCTTGAGTGTGGTAGGGGCAGAGGGAATTCCCGGTGTAGCGGTGAAATGCGTAGATATCGGGAAGAACACCAGTGGCGAAGGCGCTCTGCTGGGCCATAACTGACGCTCATGGACGAAAGCCAGGGGAGCGAAAGGGATTAGATACCCCTGTAGTCCTGGCCGTAAACGATGAACACTAGGTGTCGGGGGAATCGACCCCCTCGGTGTCGTAGCCAACGCGTTAAGTGTTCCGCCTGGGGAGTACGCACGCAAGTGTGAAACTCAAAGGAATTGACGGGGGCCCGCACAAGCGGTGGAGTATGTGGTTTAATTCGATGCAACGCGAAGAACCTTACCAGGGTTTGACATCCTGCGAATCTCTTGGAAACGAGAGAGTGCCTTTGGGAACGCAGTGACAGGTGGTGCATGGCTGTCGTCAGCTCGTGTCGTGAGATGTTGGGTTAAGTCCCGCAACGAGCGCAACCCACGTTTTTAGTTGCCAGCATTCAGTTGGGCACTCTAGAGAGACCGCCGGTGATAAACCGGAGGAAGGTGTGGATGACGTCAAGTCATCATGCCCCTTACATCCTGGGCTACACACGTACTACAATGCTACGGACAAAGGGCAGCAAGTTCGCGAGGACAAGCAAATCCCATAAACCGTGGCTCAGTTCAGATCGTAGGCTGCAACTCGCCTACGTGAAGAAGGAATCGCTAGTAATCGCAGGTCAGCATACTGCGGTGAATACGTTCCCGGGCCTTGTACACACCGCCCGTCACACCATGGAAGTTGGCCACGCCCGAAGTCGTTACTCCAACCCTTGTGGAGGAGGACGCCGAAGGTGGGGCTGATGACTGGGGTGAAGTCGTAACAAGGTATCCGTACCGGAAGGTGCGGATGGATCACCTCCTA"
"295809",">RS_GCF_001631985.1~NZ_LVHL01000003.1","Bacteria","Cyanobacteria","Cyanobacteriia","PCC-6307","Cyanobiaceae","Prochlorococcus_C","Prochlorococcus_C marinus_B","[location=4082..5561]","[ssu_len=1479]","[contig_len=6129]","GAGGTGATCCATCCGCACCTTCCGGTACGGATACCTTGTTACGACTTCACCCCAGTCATCAGCCCCACCTTCGGCGTCCTCCTCCACAAGGGTTGGAGTAACGACTTCGGGCGTGGCCAACTTCCATGGTGTGACGGGCGGTGTGTACAAGGCCCGGGAACGTATTCACCGCAGTATGCTGACCTGCGATTACTAGCGATTCCTTCTTCACGTAGGCGAGTTGCAGCCTACGATCTGAACTGAGCCACGGTTTATGGGATTTGCTTGTCCTCGCGAACTTGCTGCCCTTTGTCCGTAGCATTGTAGTACGTGTGTAGCCCAGGATGTAAGGGGCATGATGACTTGACGTCATCCACACCTTCCTCCGGTTTATCACCGGCGGTCTCTCTAGAGTGCCCAACTAAATGCTGGCAACTAAAAACGTGGGTTGCGCTCGTTGCGGGACTTAACCCAACATCTCACGACACGAGCTGACGACAGCCATGCACCACCTGTCACTGCGTTCCCAAAGGCACTCTCTCGTTTCCAAGAGATTCGCAGGATGTCAAACCCTGGTAAGGTTCTTCGCGTTGCATCGAATTAAACCACATACTCCACCGCTTGTGCGGGCCCCCGTCAATTCCTTTGAGTTTCACACTTGCGTGCGTACTCCCCAGGCGGAACACTTAACGCGTTGGCTACGACACCGAGGGGGTCGATTCCCCCGACACCTAGTGTTCATCGTTTACGGCCAGGACTACAGGGGTATCTAATCCCTTTCGCTCCCCTGGCTTTCGTCCATGAGCGTCAGTTATGGCCCAGCAGAGCGCCTTCGCCACTGGTGTTCTTCCCGATATCTACGCATTTCACCGCTACACCGGGAATTCCCTCTGCCCCTACCACACTCAAGCCAATCAGTTTCCACTGCCTTGATGGAGTTAAGCTCCACGCTTTAACAGCAGACTTGAAAAGCCGCCTGCGGACGCTTTACGCCCAATAATTCCGGATAACGCTTGCCACTCCCGTATTACCGCGGCTGCTGGCACGGAATTAGCCGTGGCTTATTCCTCAAGTACCGTCAGATCTTCTTCCTTGAGAAAAGAGGTTTACAGCCCAGAGGCCTTCATCCCTCACGCGGCGTTGCTCCGTCAGGCTTGCGCCCATTGCGGAAAATTCCCCACTGCTGCCTCCCGTAGGAGTCTGGGCCGTGTCTCAGTCCCAGTGTGGCTGATCATCCTCTCAGACCAGCTACTGATCGATGCCTTGGTGAGCCATTACCTCACCAACTAGCTAATCAGACGCGGGCTCATCCTCAGGCGAAATTCATTTCACCTCTCGGCATATGGGGTATTAGCGGCCGTTTCCAACCGTTATCCCCCTCCTGAGGGCAGATTCCCACGCGTTACTCACCCGTCCGCCACTAACCCGAAGGTTCGTTCGACTTGCATGTGTTAAGCACGCCGCCAGCGTTCATCCTGAGCCAGGATCAAACTCTCCGTA"
"339112",">RS_GCF_000760195.1~NZ_JNAV01000002.1","Bacteria","Cyanobacteria","Cyanobacteriia","PCC-6307","Cyanobiaceae","Prochlorococcus","Prochlorococcus sp000760215","[location=183758..185237]","[ssu_len=1479]","[contig_len=511704]","GAGGTGATCCAGCCGCACCTTCCGGTACGGCTACCTTGTTACGACTTCACCCCAGTCATCAGCCCCACCTTCGGCGTCCTCCTCCACAAGGGTTGGAGTAACGACTTCGGGCATGGCCAACTTCCATGGTGTGACGGGCGGTGTGTACAAGGCCCGGGAACGTATTCACCGCAGTATGCTGACCTGCGATTACTAGCGATTCCTGCTTCACGTAGGCGAGTTGCAGCCTACGATCTGAACTGAGCCACGGTTTATGGGATTTGCTTGCCCTCGCGAGTTTGCTGCCCTTTGTCCGTAGCATTGTAGTACGTGTGTAGCCCAGGATGTAAGGGGCATGATGACTTGACGTCATCCACACCTTCCTCCGGTTTATCACCGGCGGTCTTTCTAGAGTGCCCAACTAAATGCTGGCAACTAAAAACGTGGGTTGCGCTCGTTGCGGGACTTAACCCAACATCTCACGACACGAGCTGACGACAGCCATGCACCACCTGTCACTGCGTTCCCGAAGGCACCCTCAAATTTCTAAGAGGTTCGCAGGATGTCAAATCCTGGTAAGGTTCTTCGCGTTGCATCGAATTAAACCACATACTCCACCGCTTGTGCGGGCCCCCGTCAATTCCTTTGAGTTTCACACTTGCGTGCGTACTCCCCAGGCGGAACACTTAACGCGTTAGCTACGACACCGAGGGGGTCGATTCCCCCGACACCTAGTGTTCATCGTTTACGGCCAGGACTACAGGGGTATCTAATCCCTTTCGCTCCCCTGGCTTTCGTCCATGAGCGTCAGTTATGGCCCAGCAGAGCGCCTTCGCCACTGGTGTTCTTCCCGATATCTACGCATTTCACCGCTACACCGGGAATTCCCTCTGCCCCTACCACACTCTAGCCCTACAGTTTCCACTGCGATGATGGAGTTAAGCTCCACGTTTTTACAGCAGACTTGAAGGGCCGCCTGCGGACGCTTTACGCCCAATAATTCCGGATAACGCTTGCCACTCCCGTATTACCGCGGCTGCTGGCACGGAATTAGCCGTGGCTTATTCCTCAAGTACCGTCATATCTTCTTCCTTGAGAAAAGAGGTTTACAGCCCAGAGGCCTTCATCCCTCACGCGGCGTTGCTCCGTCAGGCTTTCGCCCATTGCGGAAAATTCCCCACTGCTGCCTCCCGTAGGAGTCTGGGCCGTGTCTCAGTCCCAGTGTGGCTGATCATCCTCTCAGACCAGCTACTGATCGAAGCCTTGGTGAGCCATTACCTCACCAACAAGCTAATCAGACGCGGGCTCATCCTCAGGCGAAATTCATTTCACCTCTCGGCATATGGGGTATTAGCGGTCGTTTCCAACCGTTATCCCCCTCCTGAGGGCAGATTCCCACGCGTTACTCACCCGTCCGCCACTAACCCGAAGGTTCGTTCGACTTGCATGTGTTAAGCACGCCGCCAGCGTTCATCCTGAGCCAGGATCAAACTCTCCGTT"
"366604",">GB_GCA_003212695.1~QCPC01000004.1","Bacteria","Cyanobacteria","Cyanobacteriia","PCC-6307","Cyanobiaceae","Prochlorococcus","Prochlorococcus sp003212695","[location=20579..22058]","[ssu_len=1479]","[contig_len=103538]","GAGGTGATCCAGCCGCACCTTCCGGTACGGCTACCTTGTTACGACTTCACCCCAGTCATCAGCCCCACCTTCGGCGTCCTCCTCCACAAGGGTTGGAGTAACGACTTCGGGCATGGCCGACTTCCATGGTGTGACGGGCGGTGTGTACAAGGCCCGGGAACGTATTCACCGCAGTATGCTGACCTGCGATTACTAGCGATTCCTGCTTCACGTAGGCGAGTTGCAGCCTACGATCTGAACTGAGCCACGGTTTATGGGATTTGCTTGCCCTCGCGAGTTTGCTGCCCTTTGTCCGTAGCATTGTAGTACGTGTGTAGCCCAGGATGTAAGGGGCATGATGACTTGACGTCATCCACACCTTCCTCCGGTTTATCACCGGCGGTCTTTCTAGAGTGCCCAACTAAATGCTGGCAACTAAAAACGTGGGTTGCGCTCGTTGCGGGACTTAACCCAACATCTCACGACACGAGCTGACGACAGCCATGCACCACCTGTCACTGCGCTCCCGAAGGCACCCTCAAATTTCTAAGAGGTTCGCAGGATGTCAAATCCTGGTAAGGTTCTTCGCGTTGCATCGAATTAAACCACATACTCCACCGCTTGTGCGGGCCCCCGTCAATTCCTTTGAGTTTCACACTTGCGTGCGTACTCCCCAGGCGGAACACTTAACGCGTTAGCTACGACACCGAGGGGGTCGATTCCCCCGACACCTAGTGTTCATCGTTTACGGCCAGGACTACAGGGGTATCTAATCCCTTTCGCTCCCCTGGCTTTCGTCCATGAGCGTCAGTTATGGCCCAGCAGAGCGCCTTCGCCACTGGTGTTCTTCCCGATATCTACGCATTTCACCGCTACACCGGGAATTCCCTCTGCCCCTACCACACTCAAGCCCTACAGTTTCCACTGCGATGATGGAGTTAAGCTCCACGTTTTTACAGCAGACTTGTAAAGCCGCCTGCGGACGCTTTACGCCCAATAATTCCGGATAACGCTTGCCACTCCCGTATTACCGCGGCTGCTGGCACGGAATTAGCCGTGGCTTATTCCTCAAGTACCGTCATATCTTCTTCCTTGAGAAAAGAGGTTTACAGCCCAGAGGCCTTCATCCCTCACGCGGCGTTGCTCCGTCAGGCTTTCGCCCATTGCGGAAAATTCCCCACTGCTGCCTCCCGTAGGAGTCTGGGCCGTGTCTCAGTCCCAGTGTGGCTGATCATCCTCTCAGACCAGCTACTGATCGAAGCCTTGGTGAGCCATTACCTCACCAACAAGCTAATCAGACGCGGGCTCATCCTCAGGCGAAATTCATTTCACCTCTCGGCATATGGGGTATTAGCGGTCGTTTCCAACCGTTATCCCCCTCCTGAGGGCAGATTCCCACGCGTTACTCACCCGTCCGCCACTAACCCGAAGGTTCGTTCGACTTGCATGTGTTAAGCACGCCGCCAGCGTTCATCCTGAGCCAGGATCAAACTCTCCGTT"
"374454",">GB_GCA_003278425.1~QCFE01000003.1","Bacteria","Cyanobacteria","Cyanobacteriia","PCC-6307","Cyanobiaceae","Prochlorococcus","Prochlorococcus sp003278425","[location=117893..119372]","[ssu_len=1479]","[contig_len=125376]","GAGGTGATCCAGCCGCACCTTCCGGTACGGCTACCTTGTTACGACTTCACCCCAGTCATCAGCCCCACCTTCGGCGTCCTCCTCCACAAGGGTTGGAGTAACGACTTCGGGCGTGGCCAACTTCCATGGTGTGACGGGCGGTGTGTACAAGGCCCGGGAACGTATTCACCGCAGTATGCTGACCTGCGATTACTAGCGATTCCTGCTTCACGTAGGCGAGTTGCAGCCTACGATCTGAACTGAGCCACGGTTTATGGGATTTGCTTGCCCTCGCGAGTTTGCTGCCCTTTGTCCGTAGCATTGTAGTACGTGTGTAGCCCAGGATGTAAGGGGCATGATGACTTGACGTCATCCACACCTTCCTCCGGTTTATCACCGGCGGTCTTTCTAGAGTGCCCAACTAAATGCTGGCAACTAAAAACGTGGGTTGCGCTCGTTGCGGGACTTAACCCAACATCTCACGACACGAGCTGACGACAGCCATGCACCACCTGTCACTGCGTTCCCGAAGGCACCCTCAAATTTCTAAGAGGTTCGCAGGATGTCAAATCCTGGTAAGGTTCTTCGCGTTGCATCGAATTAAACCACATACTCCACCGCTTGTGCGGGCCCCCGTCAATTCCTTTGAGTTTCACACTTGCGTGCGTACTCCCCAGGCGGAACACTTAACGCGTTGGCTACGACACCGAGGGGGTCGATTCCCCCGACACCTAGTGTTCATCGTTTACGGCCAGGACTACAGGGGTATCTAATCCCTTTCGCTCCCCTGGCTTTCGTCCATGAGCGTCAGTTATGGCCCAGCAGAGCGCCTTCGCCACTGGTGTTCTTCCCGATATCTACGCATTTCACCGCTACACCGGGAATTCCCTCTGCCCCTACCACACTCAAGCCCTACAGTTTCCACTGCGATGATGGAGTTAAGCTCCACGTTTTTACAGCAGACTTGAAGGGCCGCCTGCGGACGCTTTACGCCCAATAATTCCGGATAACGCTTGCCACTCCCGTATTACCGCGGCTGCTGGCACGGAATTAGCCGTGGCTTATTCCTCAAGTACCGTCATATCTTCTTCCTTGAGAAAAGAGGTTTACAGCCCAGAGGCCTTCATCCCTCACGCGGCGTTGCTCCGTCAGGCTTTCGCCCATTGCGGAAAATTCCCCACTGCTGCCTCCCGTAGGAGTCTGGGCCGTGTCTCAGTCCCAGTGTGGCTGATCATCCTCTCAGACCAGCTACTGATCGAAGCCTTGGTGAGCCATTACCACACCAACAAGCTAATCAGACGCGGGCTCATCCTCAGGCGAAATTCATTTCACCTCTCGGCATATGGGGTATTAGCGGTCGTTTCCAACCGTTATCCCCCTCCTGAGGGCAGATTCCCACGCGTTACTCACCCGTCCGCCACTAACCCGAAGGTTCGTTCGACTTGCATGTGTTAAGCACGCCGCCAGCGTTCATCCTGAGCCAGGATCAAACTCTCCGTT"
